Name,Age,Sex,Email
a1,1,male,ev12@dq2.com
a2,2,male,ev12@dq3.com
a3,3,male,ev12@dq4.com
a4,4,male,ev12@dq5.com
a5,5,male,ev12@dq6.com
a6,6,male,ev12@dq7.com
a7,7,male,ev12@dq8.com
a8,8,male,ev12@dq9.com
a9,9,male,ev12@dq10.com
a10,10,male,ev12@dq11.com
a11,11,male,ev12@dq12.com
a12,12,male,ev12@dq13.com
a13,13,male,ev12@dq14.com
a14,14,male,ev12@dq15.com
a15,15,male,ev12@dq16.com
a16,16,male,ev12@dq17.com
a17,17,male,al12@aiq18.com
a18,18,male,al12@aiq19.com
a19,19,male,al12@aiq20.com
a20,20,male,al12@aiq21.com
a21,21,male,al12@aiq22.com
a22,22,male,al12@aiq23.com
a23,23,male,al12@aiq24.com
a24,24,male,al12@aiq25.com
a25,25,male,al12@aiq26.com
a26,26,male,al12@aiq27.com
a27,27,male,al12@aiq28.com
a28,28,male,al12@aiq29.com
